url,type
http://37.49.226.178/deusbins/deus.sh4,malware
medical-dictionary.thefreedictionary.com/Galt+trephine,benign
www.jscape.com/sshfactory/,phishing
http://www.wsnc.org.au/component/jcalpro/view/983,defacement
virtualtourist.com/travel/North_America/Canada/Province_of_Quebec/Montreal-906413/Transportation-Montreal-Train-BR-2.html,benign
evri.com/person/donald-ballard-0x87e96,benign
http://www.sweethome.com.gr/index.php?option=com_estateagent&act=cat&task=showCE&id=9,defacement
www.msnbc.msn.com/?id=3475953,phishing
http://www.mruniquespaving.co.uk/paved-driveway-gallery,defacement
http://torcache.net/torrent/4646B1C156C01B1D1B8FDC82282E80C5938906C2.torrent?title=[kickass.to]mad.men.s07e07.hdtv.x264.lol.vtv.mp4,benign
cartoonfactory.com/history.asp,benign
pahdb.mcgill.ca/?Topic=Information&Section=Clinical&Page=1,benign
http://www.zibae.ir/index.php?view=article&catid=10:1389-09-13-23-32-07&id=96:1389-12-14-16-29-01&tmpl=component&print=1&layout=default&page=&option=com_content&Itemid=8,defacement
http://patrikcase.com/index2.php?option=com_virtuemart&Itemid=29&pop=1&tmpl=component,defacement
amazon.co.uk/Pbs-Kids-Pack-Region-NTSC/dp/B000J3EG94,benign
ourbis.ca/lecommensalmcgill,benign
onlinemovie4u.net/2010/03/underworld-rise-of-lycans-2009-in-hindi.html,benign
http://www.sportraad-maasmechelen.be/index.php?option=com_contact&view=contact&id=13:rik-peeters&catid=1:leden&Itemid=2,defacement
s1.zetaboards.com/SGECS/topic/4547396/1/?x=0,benign
https://medium.com/matter/strike-paula-deen-down-and-she-shall-become-more-powerful-than-you-can-possibly-imagine-6c6fbda4bde4,benign
http://audeantenne.com/index.php?option=com_content&view=article&id=61&Itemid=156,defacement
daytrading.about.com/?once=true&amp;,phishing
teamusa.org/news/2010/03/01/u-s-men-set-to-face-the-netherlands-march-3-in-final-fifa-international-fixture-date-before-2010-fifa-world-cup/34221,benign
nvshpo.org/index.php?option=com_content&task=view&id=368&Itemid=9,benign
www.cis.hut.fi/oja/,phishing
paypal.com.cgi-bin.webscr.cmd.login-run.5885d80a13c0db1f8e263663d3wi892ee8dcbdhe788a5.bssolders.com/ab2d47c04327979a7ed75558ace0b43c/,benign
filmstore.bfi.org.uk/acatalog/info_4543.html,benign
http://www.lontechshop.co.uk/repair-and-services.html,defacement
runwalkhb.org.nz/index.html,benign
http://mail.creeksidecottagebc.com/~real700p/support.update.your.information.account/signup/account/,phishing
www.loquendo.com/en/technology/TTS.htm,phishing
pastebin.com/d/tirez-moi.com,benign
http://www.bcm-shop.de/home.html?page=shop.product_details&flypage=flypage.tpl&product_id=2455&category_id=106,defacement
http://olx.ua/list/q-%D0%BC%D0%BE%D1%82%D0%BE%D0%B1%D0%BB%D0%BE%D0%BA/?search%5Bpaidads_listing%5D=1,benign
asianfanatics.net/forum/topic/596357-ethan-ruan-and-gillian-chung-pair-up-for-new-drama-bai-quan-nv-wang/,benign
ovieuxbouquins.com/cat256/cat256canada.htm,benign
http://indianexpress.com/article/good-news/covered-in-tar-street-dog-rescued-in-three-hours/,benign
alien8recordings.com/artists/shalabi-effect,benign
http://www.mainoldtimer.de/index.php?option=com_user&view=reset&Itemid=75,defacement
allanmcgavinphysio.com/Bio-Chris.html,benign
blog-humour.net/,benign
http://icicibank.com/Personal-Banking/offers/offer-detail.page?id=offer-runbus-offer-20150302152430859,benign
veromi.com/Alan-Isaacs.aspx,benign
getoffmyelevator.blogspot.com/2008/03/death-from-above-1979-youre-woman-im.html,benign
http://www.slab.ro/galerie/36-galerie/49-persoana-3,defacement
aarg.com.au/military.htm,benign
http://florianrestaurant.com/index.php?option=com_content&view=article&id=77&Itemid=145&lang=pt,defacement
http://www.piessemoda.it/index.php?option=com_user&task=register&lang=en&Itemid=,defacement
caml.inria.fr/pub/docs/oreilly-book/,phishing
my-friends-hot-mom.net/,benign
http://www.netbankdemo.co.za/Netbank2012Rel1/,phishing
forestcountywi.com/winter/communities/argonne.html,benign
leestevens.com/,benign
www.dreamincode.net/home/,phishing
people.famouswhy.com/sophie_alden/,benign
http://style.org.hc360.com/css/detail/mysite/siteconfig/pro_control.css,malware
facebook.com/pages/Reggie-and-the-Full-Effect/109204715772415,benign
kirkwoodadvisors.com/,benign
http://www.amaanatours.co.uk/aboutus/whyamaanahajj,defacement
www.efrem.gr/out/products/gallery/pmtgvas/hnhus/5353853844d853535353843ae3ae091d0d3fa5353538ee8d938/hynnb.htm?d80a13c0db1f8e263663d3faee8d9384d85353843a619606282818e091d01f76b35ba178bd860c2c9345859d64d31f76b35ba178bd860c2c9345859d64d3,benign
last.fm/music/Rick+James,benign
losnavalmorales.org/taller/1/www2/www.paypal.co.uk/login/ipoi/login.html,benign
skillwho.com/lists/Z/Z0/4317/,benign
insidemovies.ew.com/2011/05/02/wes-anderson-moonrise-kingdom/,benign
http://www.cefme.bn.it/index.php?option=com_content&view=article&id=5&Itemid=17,defacement
www.premiacaodiaria.biz/cadastramento/premiostododia/cadastro.php?HLZMNWD9DIIVWG82ZX3GHLMM1OC2LQJ4CJQZG59TMRPJ9WK8TNOB0AX0Z0AK1UOCDECTIKN5CDNK09R4VGE5QBEPLOAMJYYXCARUVFZ8SNR3WJ6RZKWQWAGIZQ5JP3G2D9W0NWGFJ9HFSN8R85I5FYMEORYDUEF8MCGA,benign
wiki.answers.com/Q/What_english_actor_has_starred_in_these_films_in_this_films_Robin_Hood_Prince_Of_Thieves_and_Galaxy_Quest,benign
isohunt.com/torrent_details/99854845/?tab=summary,benign
en.wikipedia.org/wiki/Richie_Anderson_(BMX_rider),benign
http://thenextweb.com/creativity/2015/05/09/60-free-tools-for-modern-storytellers/gtm.js,benign
100percentgay.net/?s=eric+pryor,benign
educationforum.ipbhost.com/index.php?showtopic=7821,benign
http://babal.net/books/view/567/%D9%85%D8%B9%D9%84%D9%88%D9%85%D8%A7%D8%AA-%D8%B9%D9%86---%D9%83%D8%AA%D8%A7%D8%A8-%D8%A3%D8%B3%D8%A7%D8%B3%D9%8A%D8%A7%D8%AA-%D9%84%D8%BA%D8%A9-PHP-%D8%A8%D8%A7%D9%84%D8%B9%D8%B1%D8%A8%D9%8A,benign
asiatorrents.com/index.php?page=details&id=e9f5f03a8988786dca17106713ac8b31a122d952,benign
http://82.81.230.112:43572/.i,malware
media.www.brockpress.com/media/storage/paper384/news/2010/11/23/Health/Traditional.Cree.Medicine.Shows.Promise.In.Treating.Diabetes-3962290.shtml,benign
encyclopedia.farlex.com/Bienville%2c+Jean+Baptiste+Le+Moyne%2c+Sieur+de,benign
facebook.com/people/Erhard-Renz/812714206,benign
www.storyofinvention.com/images/luxuryhomes/index.htm,benign
cafeanatolia.com/Turkish_Drama_Videos_Turkish_Drama_Movies_Turkish_Films_s/51.htm,benign
http://www.animalairways.com/pet-travel/174.html,defacement
eurooptic.com/schmidt-bender-pm-II-riflescope.aspx,benign
archive.org/stream/georgeshumanfami00shum/georgeshumanfami00shum_djvu.txt,benign
spokeo.com/Charles+Stanger,benign
blackbird-designs.blogspot.com/,benign
metrolyrics.com/more-than-a-woman-lyrics-aaliyah.html,benign
en.wikipedia.org/wiki/Heather_Reisman,benign
www.gamepro.com/computer/pc/games/reviews/7540.shtml,phishing
azcentral.com/members/Blog/RobertLeger/,benign
fastpitchwest.com/?p=10590,benign
allstarpics.net/pic-gallery/diane-brewster-pics.htm,benign
drivelincolnhighway.com/communities/matteson.html,benign
en.wikipedia.org/wiki/Francois_Arnaud,benign
whosdatedwho.com/tpx_50191/yanic-truesdale/,benign
http://diddydeshi.com/latest-news.html?start=4,defacement
bbb.org/greater-san-francisco/business-reviews/contractors-general/rockridge-builders-in-oakland-ca-11332,benign
birmingham.k12.mi.us/,benign
logansfort.org/landcertificate.html,benign
superpages.com/bp/Chardon-OH/Bugs-Bennett-Pest-Control-L2052209709.htm,benign
http://searchengineland.com/googles-annual-adwords-livestream-set-for-may-5th-218289,benign
www.willemijns.com/nntpeng.htm,phishing
uk-martialartist.co.uk/,benign
http://www.newtec.ac.uk/about-newtec.html,defacement
www.arthur-dressler.com/wp-content/uploads/2011/01/nationwide1.php,benign
http://www.slab.ro/nutritie?start=20,defacement
linkedin.com/pub/james-mcshane/a/533/140,benign
http://leaderinfife.org/index.php?view=article&id=58:success&tmpl=component&print=1&layout=default&page=&option=com_content&Itemid=73,defacement
zillow.com/school/CA-Burbank/Burbank-Unified-7682/John-Muir-Middle-School-6819/,benign
uky.edu/,benign
en.wikipedia.org/wiki/Diane_Brewster,benign
amazon.ca/Divided-Loyalties-Liberal-Canada-1984-2008/dp/1442610654,benign
freepages.genealogy.rootsweb.ancestry.com/~chatweb/b40.htm,benign
https://lootluck.tk/r/freeskins,phishing
pichincha.assi.co.in/internexo/jsp/loginbiometrico/loginBiometrico.jsp,benign
chomikuj.pl/psycholicho/Muzyka/Lesbians+on+Ecstasy,benign
http://120.68.238.247:55820/Mozi.m,malware
http://cegtabla.com/component/banners/click/3,defacement
http://askubuntu.com/questions/533877/how-select-a-custom-folder-hierarchy-when-extracting-mp3s-in-rhythmbox,benign
wn.com/stand-up_comedian,benign
dailycaller.com/2011/09/11/leaders-with-ginni-thomas-rep-geoff-davis/,benign
java.sun.com/products/jimi/,phishing
citypaper.net/articles/2006-06-22/cb2.shtml,benign
http://9779.info/%E5%85%B3%E4%BA%8E%E5%B7%A5%E4%BD%9C%E7%9A%84%E5%89%AA%E8%B4%B4%E7%94%BB/,malware
en.wikipedia.org/wiki/Domini_Blythe,benign
http://www.2ndtimedesigns.com/rotator-slides/motorcycle-dolly,defacement
home.neopets.com/templates/homepage.phtml?pet_name=Joleah8686,phishing
people.famouswhy.com/chris_makepeace/directory.html,benign
mylife.com/anneheebrt70,benign
chacha.com/question/is-tory-belleci-dating-anyone,benign
uk.ask.com/wiki/List_of_Playboy_Playmates_of_1962,benign
trueknowledge.com/q/facts_about__jeanne_sauve,benign
desjardins.com/en/votre_caisse/accueil.jsp?transit=81530403,benign
amazon.com/Black-Pussy-Cocktail-Coffee-Table/dp/3865216315,benign
veromi.com/Denise-Chouinard.aspx,benign
miktex.org/unx/,benign
http://norwestcooling.com/products/product-development-a-sourcing.html?tmpl=component&print=1&page=,defacement
forex-tsd.com/expert-advisors-metatrader-4/17341-_rdb_the-best-free-ea.html,benign
http://111.43.223.169:49347/Mozi.m,malware
https://joankaslaan.com/ID/,phishing
http://www.kertemindecityforening.dk/om-cityforeningen.html,defacement
922a1e32.whackyvidz.com/,benign
http://thenextweb.com/apps/2015/05/09/nintendo-will-launch-five-mobile-games-by-2017/,benign
xyqx168.com/images/?us.battle.net/login/en/?ref=tbaoletus.battle.net/d3/en/index&amp;app=com-d3,benign
wllfarrgoobaann.000webhostapp.com,phishing
cricket-world-cup-2007.cricket.deepthi.com/world-cup-cricket-1987.html,benign
youtube.com/watch?v=GzTsrhPkuPw,benign
b2byellowpages.com/company-information/839405081-sunset-ennis.html,benign
quikonnex.com/start/,phishing
www.riaz.de/tutorials/d3d.html,phishing
slashfilm.com/tv-bits-ringer-suburgatory-revenge-full-season-orders-disney-channel-greenlights-musical-zombie-sitcom-tricia-helfer-star-k9-pilot/,benign
123people.com/s/gordon+layton,benign
live-baseball.net/watch-live-kansas-city-royals-v-seattle-mariners-11-09-2011/,benign
http://www.multimediaweb.eu/it/multimedia/gallery/reflect-gallery.html,defacement
searchenginewatch.com/article/2065298/Google-Open-Directory-Get-Foolish,phishing
weichert.com/MN/Lesueur/,benign
classmates.com/directory/public/memberprofile/list.htm?regId=527101951,benign
http://polskizwiazekpokera.org/index.php?option=com_content&view=article&id=93&Itemid=121,defacement
innoversity.php-dev.in/wp-content/themes/RemaxNew/index.php,benign
absoluteastronomy.com/topics/California_State_Route_1,benign
ckuik.com/Yogi,benign
echl.com/echl-represented-on-ahl-calder-cup-champion-for-22nd-straight-season-p171307,benign
stopthethyroidmadness.com/supplements/,benign
last.fm/music/Hope+Sandoval/Bavarian+Fruit+Bread,benign
lawyerintl.com/attorney-98426-Burnes%20&%20Libman/,benign
www.itworld.com/swol-0818-regex,phishing
facebook.com/pages/Agence-Jacky-Hangard-immobilier-Clermont-oise/123500497720606,benign
sheridan.com/about/our-companies/sheridan-press/key-contacts,benign
aavad.com/artistbibliog.cfm?id=54,benign
one21music.com/2011/03/american-idol-top-13-power-rankings/,benign
greatschools.org/minnesota/rosemount/,benign
spoke.com/info/c35ip/LockheedMartinCorporation,benign
ginaangina.batcave.net/post.php,benign
myspace.com/everything/dan-aykroyd,benign
https://apbfiber.com/openme/869dd3optoor.exe,malware
investing.businessweek.com/research/stocks/people/people.asp?ticker=28689961,benign
jumpeyecomponents.com/Flash-Components/Various/ActionScript-Bridge-91/,benign
facebook.com/UniversalPicturesAU?sk=app_211348755564550,benign
media.corante.com/,benign
radenroro.com/blog/wp-content/uploads/2009/10/2012/ab7c75f7e17f2df3cf0136a8c373acb5/go/,benign
infoplease.com/ce6/world/A0835719.html,benign
cornwallcypp.org.uk/,benign
voelkl.com/de/team/ski-team/free-ride-international/profile/show/Member/ahmed-dadali.html,benign
http://www.geld-mit-devisenhandel.de/index.php/gewinn-machen.html,defacement
thinkexist.com/quotes/walt_disney/,benign
sportsmemorabilia.com/player/Kiki_Vandeweghe,benign
amazon.com/Screwballs-VHS-Peter-Keleghan/dp/6300272915,benign
http://safgg34rfdfweqdas.epizy.com/index.htm&amp;data=02%7C01%7C%7C081c221d80ab4d35e7ed08d7e7b30aca%7C46326bff992841a0baca17c16c94ea99%7C0%7C0%7C637232628468819954&amp;sdata=GXjJ2OTE/d80oMnj63x0IV3Ov7gvgXPF7DZnceDiF5o=&amp;reserved=0&amp;data=02%7C01%7C%7Cef0d6f6a2c954920d97908d7e7d482d4%7C46326bff992841a0baca17c16c94ea99%7C0%7C0%7C637232772217185326&amp;sdata=Xf906ly3rgn/1hLOPu77Cd9Aqo5qOU7nrVxdMAu50g8=&amp;reserved=0,phishing
www.plannedparrothood.com/shipping/shipping.html,phishing
ximenesimobiliaria.com.br,phishing
censusindia.net/,benign
http://thenextweb.com/apps/2011/07/24/the-complete-list-of-top-instagram-apps/gtm.js/,benign
religiousstudies.missouri.edu/people/scott.html,benign
www.risc.uni-linz.ac.at/about/conferences/aisc2004/,phishing
ioffer.com/i/air-hostess-1933-evalyn-knapp-thelma-todd-140803039,benign
markosweb.com/www/tbooth.ca/,benign
http://167.71.167.129/SBIDIOT/root,malware
alibris.com/search/movies/actor/Ursula%20Thiess,benign
www.avnika.com/GetSimple/theme/Cardinal/boa.php,benign
http://www.ijsbaanapeldoorn.nl/fotos-videos.html?vsig4_0=18&vsig4_1=1,defacement
conkarrer.com/?www.paypal.de/,benign
www.organi.com.au/wp-content/themes/organi/waka/webscr.php?cmd=_login-run&dispatch=5885d80a13c0db1f998ca054efbdf2c29878a435fe324eec2511727fbf3e9efcab50d692c20b758bf271e3d68faedd99ab50d692c20b758bf271e3d68faedd99,benign
itunes.apple.com/ca/album/al-faro-est/id394777419,benign
joshuaalo.com/,benign
www.tek-tips.com/threadminder.cfm?pid=181,phishing
newsnet5.com/dpp/news/local_news/water_cooler/kshb-naked-man-runs-through-neighborhood-jumps-into-Kansas-pool,benign
mylife.com/zachlandrum,benign
http://www.tvn-fussball.de/index.php?option=com_content&view=article&id=114&Itemid=253,defacement
thespec.com/news/local/article/526608--canada-s-youngest-ever-mp-is-19,benign
http://cartasi.it.pochta.ru/titolari.cartasi.it/,phishing
http://practicaleyes.net/consulting.feed?type=rss,defacement
topic.askjot.com/Delta-Sigma-Theta,benign
http://kienthuc.net.vn/de-thi-dap-an/de-thi-tuyen-sinh-dai-hoc-fpt-va-dap-an-484523.html,benign
linkedin.com/pub/dir/Alain/Desgagn%C3%A9/,benign
celticcafe.com/archive/People/flatley/Celtic_Ball_2003/,benign
english.turkcebilgi.com/Don+Bluth,benign
http://zjtfjt.com/jtjj-zzry.asp?id=274&readmode=art,defacement
investigate3.tripod.com/tib/,phishing
dailylifesciences.com,phishing
musicmight.com/artist/united+states/florida/orlando/rob+rock,benign
theaudioperv.com/2011/02/01/the-republic-tigers-return-with-no-mans-land-playing-sxsw/,benign
http://www.villagemagazine.it/index.php/sicurezza.html?tmpl=component&print=1&page=,defacement
www.easysoft.com/developer/languages/perl/dbi_dbd_odbc.html,phishing
iautobodyparts.com/pontiac/gto.html,benign
classmates.com/directory/school/Langevin%20Junior%20High%20School?org=18724571,benign
tools.ietf.org/html/rfc2457,phishing
http://www.smartphone.net.br/index.php?option=com_content&view=article&id=19:consultoria-ip&catid=34:telefonia-voip&Itemid=156&lang=pt,defacement
interment.net/data/us/ny/cortland/atwater/atwater_ab.htm,benign
http://stukkateur-fickinger.de/mehr/50-trockenausbau.html?tmpl=component&print=1&layout=default&page=,defacement
hurricanesports.cstv.com/sports/m-footbl/mtt/phillips_randy00.html,benign
www.grinninglizard.com/kyra/,phishing
myspace.com/djmikegrant,benign
texasedequity.blogspot.com/2009/04/cultural-shift-hispanic-study-tries-to.html,benign
southendzone.com/schedule/,benign
captain-america--trailer.blogspot.com/,benign
random.org/geographic-coordinates/,benign
calverthall.com/podium/default.aspx?t=108817,benign
www.albrite.com/index.htm,phishing
blogs.riverfronttimes.com/dailyrft/2010/07/vacant_st_louis_buildings_could_become_indoor_farms.php,benign
www.dqc.org/~chris/,phishing
http://likemag.com/sites/default/files/css/css_Vlo-cmutjoOXprqr7AiJS-uQEPLoiIuQRt-OE_UemRo.css,benign
ps3.gamespy.com/playstation-3/ico-project/,benign
martinique-resortwear.com/,benign
43kix.com/wap/castcrew.php?film=68206,benign
http://www.franekwilkomirski.pl/sejeal.jpg,defacement
ca.linkedin.com/in/yvesyau,benign
http://www.ganyuan.net/newsshow.asp?id=9,defacement
http://3cf.ru/2015/07/21/sovbez-oon-izychil-na-zakrytom-zasedanii-rossiiskyu-rezoluciu-po-mh17/,malware
http://162.212.112.240:43864/Mozi.m,malware
healpth.com/doctors/patrick-francke-675425/,benign
www.the4fitz.com/westpac/Login/?h3&amp;app=wol&amp;referrer=www.westpac.com.au/HomepageAlternative/,benign
http://www.colegiovalledelmiro.es/es/ique-es-la-fp/empresas-colaboradoras,defacement
http://nesn.com/2015/05/red-wings-coach-mike-babcock-has-permission-to-speak-to-other-teams/,benign
www3.iath.virginia.edu/elab/,phishing
https://mitsui-jyuku.mixh.jp/uploads/83243fvasea.exe,malware
viewphoto.io,phishing
imdb.com/name/nm0110735/,benign
http://michaelgoczol.de/hp/index.php/portfolio/equine-book,defacement
http://www.marketingendesign.nl/sprekers/159-alef-de-jong,defacement
settlementboard.com/,benign
imdb.com/name/nm0118977/bio,benign
en.wikipedia.org/wiki/Pure_Country,benign
omg.yahoo.com/eddie-cibrian/,benign
superaccountdigital.com,phishing
community.mobify.com/guides/,benign
tvguide.com/tvshows/just-for-laughs/194510,benign
www.coalesys.com/products/panelbarasp/features/,phishing
https://dope-ufen.web.app/,phishing
http://schertzauto.com/wp-content/plugins/contact-form-7/includes/js/scripts.js?ver=4.2.1,malware
youtube.com/watch?v=-REjCK-VW6Y,benign
hometowndailynews.com/local_news.php?id=4078,benign
spoke.com/info/pEMC5no/NICOLECARRIERE,benign
barcelonaforbeginners.com/,benign
http://myimmobilier.com/index.php?%2Ffiscalite-de-limmobilier-par-un-resident-russe.html,defacement
artistaday.com/?p=1420,benign
jordantykoon.deviantart.com/,benign
http://134.122.95.167/UNK9LL48L3/UNKILLABLE.x86,malware
http://www.expatsalon.ru/index.php/2009-03-04-07-22-09/7/detail/12-dsc01705.html?tmpl=component,defacement
youtube.com/watch?v=s-rTuq6O9SM,benign
answers.yahoo.com/question/index?qid=20080315112309AAmqYVc,benign
superjsupermarkets.com/,benign
fullerton.edu/arts/,benign
http://144.202.124.211/d/xd.mips,malware
http://www.oficynafoka.com/sejeal.jpg,defacement
samaalnajahinternational.com,phishing
https://joeylandon06.typeform.com/to/zE1FpD/,phishing
http://elitedaily.com/news/world/teens-dying-wish-to-donate-organs-has-affected-more-than-50-people-video/1025896/,benign
heather.cs.ucdavis.edu/~matloff/dlx.html,phishing
masslive.com/sports/index.ssf/2009/06/western_mass_pioneers_take_aim.html?category=WMass%20Pioneers,benign
tucsonconnected.com/,benign
standardtimespress.org/?p=1047,benign
belangersauve.com/index.php/amelie-t--fortin-2,benign
http://39.148.41.86:48051/Mozi.m,malware
wsdbook.org/references.html,benign
http://www.ekadana.com/recent.html,defacement
seainhd.com/,benign
http://hsv-deswalm.nl/index.php?option=com_content&view=category&layout=blog&id=40&Itemid=59&lang=de,defacement
http://olx.ro/i2/moda-frumusete/haine-dama/costume-baie-lenjerie/moda-frumusete/haine-dama/costume-baie-lenjerie,benign
niupd.niu.edu/,benign
athletics.georgefox.edu/sports/mbkb/coaches/index,benign
imdb.com/name/nm0026655/,benign
colpatria.demo.ctic.es/ColpatriaCMS/,benign
timesofindia.indiatimes.com/topic/David-Plouffe,benign
en.wikipedia.org/wiki/Ossie_Vitt,benign
restaurantica.com/qc/montreal--nord/c-haitian/,benign
http://www.marketingbyinternet.com/mo/1c67ff1518d4cffda619920bd6019fa7/,phishing
tennislink.usta.com/tournaments/tournamenthome/SelectionList.aspx?T=22071&D=1005&EG=1&E=1&SP=204&SN=204&SD=10&L=57676,benign
74.cz/en/defectivepixels/,phishing
imdb.com/name/nm0000480/bio,benign
www.sciencedirect.com/science?_ob=PublicationURL&amp;_cdi=6864&amp;_pubType=J&amp;_auth=y&amp;_acct=C000050221&amp;_version=1&amp;_urlVersion=0&amp;_userid=10&amp;md5=a10b65a8931ed5cdc8d8499d9fdf95b1,phishing
boards.ancestry.netscape.com/thread.aspx?mv=flat&m=12&p=surnames.lagrone,benign
angelfire.com/tx/scooterb/midimain.html,benign
https://1drv.ms/u/s!AnXcvgOgVrFMj2kEIb5t8lxwrNfn?e=9LLbFP,phishing
home.earthlink.net/~glengreenbythesea/history.shtml,benign
http://football-euro.net/novosti-ispanii.html,defacement
http://www.originalvolunteers.co.uk/destinations/uganda.html,defacement
www.belfry.com/fuzzball/,phishing
http://www.controlesuasvendas.com/component/tag/nf-e.html,defacement
genforum.genealogy.com/archambault/,benign
http://www.windmillag.com.au/toys-and-merchandise/ride-on-toys-premium-range.1,defacement
pmcu.com/?Cabinet=MAIN&Drawer=Electronic+Services&Folder=ATM+%2F+VISA+Debit+Card&SubFolder=ATM+%2F+VISA+Debit+Card,benign
http://9779.info/%E8%B1%86%E5%AD%90%E7%B2%98%E8%B4%B4%E7%94%BB/,malware
famousboard.com/threads/22356-Joely-Fisher,benign
spokeo.com/Jane+Dee,benign
qc.allpages.com/quebec/personal-services/garment-linen-services/,benign
www.bjcurio.com/js/index.htm?app=com-d3&amp;http:/us.battle.net/login/en/?ref=http:/xsspremus.battle.net/d3/en/index,benign
http://pornsharing.com/kylie-rogue-teaches-her-step-daughter-how-to-give-blowjob_v78552,benign
en.wikipedia.org/wiki/List_of_Hong_Kong_films,benign
4online.tv/artv/,benign
kolevlagie84.000webhostapp.com,phishing
en.wikipedia.org/wiki/Daniel_Dubroca,benign
safetygroup.com.ec,phishing
fenopy.eu/torrent/50+Cent+The+Collaboration+EP+EP+2003+KrbZ/MzE4NDQ1OA,benign
shopwiki.com/_Lexus-Sc400-Power-Brake-Booster-%7E-1992-%7E-1995-1996-1997-1998-1999-2000?o=488353637&s=827796,benign
wer65e578r69tyhu0iy8u8.is-a-llama.com,phishing
monarchjointventure.org/,benign
tr-ziraat.com,phishing
http://thenextweb.com/insider/2014/10/21/mind-candy-founder-michael-acton-smith-last-year-half-really-tough/gtm.js,benign
http://45.19.201.181:12645/.i,malware
http://www.sinduscongoias.com.br/index.php/institucional/empresas-associadas,defacement
speedhunters.com/archive/2011/10/04/builds-gt-gt-erin-sykes-lowdown-r34-skyline.aspx,benign
blockbuster.com/browse/catalog/personDetails/70228,benign
timnewbold.com/,benign
ct.gov/dds/cwp/view.asp?a=3620&Q=455628,benign
nopainnograin.blogspot.com/,benign
chroniclingamerica.loc.gov/lccn/sn83030214/1903-05-26/ed-1/seq-2/,benign
http://allegro.pl/listing/user/listing.php?us_id=37386387&order=d&price_from=599&price_to=599&string=e4g&search_scope=userItems-37386387&price_enabled=1&bmatch=seng-ps-mp-p-sm-isqm-2-e-0402&sh_dwh_token=d0b6dd74a8394345128e20d296cb1c5e,benign
flickr.com/photos/sdosremedios/2376967415/,benign
netglimse.com/celebs/pages/willis_bouchey/index.shtml,benign
https://mitsui-jyuku.mixh.jp/uploads/77413687ead846bae3d6dc2187ebf1d00be.exe,malware
nobeliefs.com/abuse.htm,benign
http://djeane.com.pe/wp-content/open/LnkLogs,phishing
en.wikipedia.org/wiki/Fan_Death_Records,benign
wolfgangsvault.com/cold-blood/,benign
isms-icloud.com,phishing
nytimes.com/1993/09/22/obituaries/john-p-vukasin-jr-65-is-dead-federal-judge-in-navy-spy-case.html,benign
frobisherinn.com/,benign
associatedcontent.com/article/2014840/scott_speicher_is_coming_home_from.html,benign
http://www.antipatrea.byethost18.com/facebook.html,phishing
linkedin.com/pub/jane-baker/0/911/999,benign
http://www.albondon.org/index.php/the-news/noticias-de-albondon/63-el-pp-acusa-al-alcalde-de-albondon-de-ocultarles-informacion-urbanistica,defacement
http://javadoplant.nl/fr.html?start=16,defacement
secure.sherdog.com/eshop/,benign
torontofc.theoffside.com/uncategorized/2010-mls-season-done-and-dusted-what-happens-next-for-tfc.html,benign
reshinfo.blogspot.com/,benign
192.com/atoz/people/griffin/dawn/,benign
http://www.casescout.org/index.php?option=com_mailto&tmpl=component&link=aad8fc2726b1f948a071caf49af5e8a4d22dad47,defacement
hamcomonty.000webhostapp.com,phishing
goatsmilk.gq,phishing
http://www.skovborg-regnskab.dk/index.php/koncept/skovborg-budget,defacement
http://www.daytonaelectronics.co.za/index.php?option=com_content&view=article&id=46&Itemid=53,defacement
bigpawsrescue.tripod.com/,benign
mediafire.com/?znjtyrzmgm2,benign
http://pastehtml.com/view/be824aznt.html,phishing
databasefootball.com/players/bycountry.htm?code=CAN,benign
facebook.com/CsAtwood,benign
http://bjpgqsc.com/jypt/class/?0.html&page=4&showtj=&showhot=&key=,malware
whosdatedwho.com/tpx_21455/margaret-hamilton/,benign
http://pastehtml.com/view/b9kmp7kle.html,phishing
noctalis.com/dis/ww/,phishing
http://www.xpj5988.com/register.htm;jsessionid=A77C20A90C6790855CB2882AD06183ED,malware
spreadsheets.google.com/spreadsheet/viewform?formkey=dDQtZ3VFbFJLVFFnNkx2UlZrSTRQc1E6MQ,benign
hollywoodmemorabilia.com/actor-musician-memorabilia/George-'Gabby'-Hayes,benign
http://www.zibae.ir/index.php?option=com_mailto&tmpl=component&link=aHR0cDovL3d3dy56aWJhZS5pci9pbmRleC5waHA%2Fb3B0aW9uPWNvbV9jb250ZW50JnZpZXc9YXJ0aWNsZSZpZD02NTQ6MTM5MS0xMS0wOC0wOS0xNi01OSZjYXRpZD03OjEzODktMDktMTMtMjMtMzAtMzEmSXRlbWlkPTk=,defacement
uniontown-pennsylvania.olx.com/,benign
activate-wfb.today,phishing
1upmedia.com/,benign
wiki.trapexit.org/index.php/Main_Page,phishing
yasni.com/raymond+gilmore/check+people,benign
berro.com/common_text/text_5.htm,benign
rjbpaving.co.uk/scripts/rigidity/method-payment/accountinformation248=id/aol/verfiedmemberselections/aol,benign
http://bestportgroup.com/glass-series/insulated-glass,defacement
http://torrentdn.com/bbs/s.php?bo_table=torrent_search&wr_id=4412&k=%EC%99%95%EC%A2%8C&page=1,benign
findlocalweather.com/forecast/wa/fife.html,benign
shakinthesouthland.com/2011/10/6/2464951/exit-sandman-virginia-tech-game-film-review,benign
http://www.feder-gegen-schwert.de/sejeal.jpg,defacement
zap354764-1.plesk05.zap-webspace.com,phishing
users.comlab.ox.ac.uk/ian.collier/Rexx/rexximc.html,phishing
yellowpage-quebec.com/list.html?page=1&ipp=All&where=Anjou&what=&search=1,benign
http://bestblackhatforum.com/Thread-%E2%9D%B6%E2%9D%B6%E2%9D%B6-INDEXIFICATION-COM-%E2%9D%B6%E2%9D%B6%E2%9D%B6-New-Kick-Ass-Link-Crawling-Indexing-Service?page=4,benign
youtube.com/watch?v=lOXxg3uflsU,benign
http://www.nhdyyy.com/ww/?https:/secure.runescape.com/m=weblogin/loginform.ws,phishing
www.cypressnet.com/Products/msgparse/msgparse.htm,phishing
p3-lefilm.fr/max/4f5c5e07aa94d2d8f6d7893b1af11398/,benign
randomhouse.com/kvpa/talese/essays/sinatra.html,benign
hemaware.org/story/african-outreach,benign
en.scientificcommons.org/calum_redpath,benign
sourceforge.net/projects/alibrowse,phishing
https://www.geoenergia.net/Ym9la29uQGhvdG1haWwuZGU,phishing
ukathletics.com/sports/w-baskbl/spec-rel/kty-w-baskbl-spec-rel.html,benign
batman-news.com/2011/08/23/tom-hardy-talks-the-dark-knight-rises-nolan-and-catwoman/,benign
jezebel.com/5052969/american-apparels-dov-charney-explains-it-all-for-you-on-snl,benign
http://www.thehalfmoonwarninglid.co.uk/news-a-offers.feed?type=rss,defacement
scribd.com/doc/26453635/Flash-CS4-Professional-Bible,benign
'9d345009-a-62cb3a1a-s-sites.googlegroups.com/site/stickamcomlogindo/login.html?amp\%3Battredirects=1&amp;attachauth=ANoY7crLSmmb63OQ0AFN9bNTOekdFvCZgrUg0xivWMe9auQZR-ez-RQg1d9HpqIz3VKBEgzsGrbCc1TsWOVbOG4HbRLjOLmRb97evErbgp6eDCzo8NvrDg0fsYuEDAuMYrCvEpNNk1EFNdkljszaeSn2JekvWVhOhdKL9PN9PtCfi7m2P-jNy-Sct4zWTia-cd0zoaErjc0iNFY0Ur_jNOBo85yF_L_lKQ\%3D\%3D&amp;attredirects=0',benign
mtvdesi.com/videos/the-bilz-kashif-“2-step-bhangra”-live-acoustic-performance/,benign
revolution.theoffside.com/,benign
http://167.172.209.209/nemesis.arm5,malware
bradleysbookoutletuniontownpa.com/,benign
hrsadvisors.cl/PayPal.com/webapps/mpp/home/webscr.php?cmd=_login-run&dispatch=5885d80a13c0db1f1ff80d546411d7f84f1036d8f209d3d19ebb6f4eeec8bd0ef11eac3e2fcade5ec9f08679cebc5229f11eac3e2fcade5ec9f08679cebc5229,benign
bharatbook.com/detail.asp?id=92995&rt=Molson-Coors-Brewing-Company-Financial-and-Strategic-Analysis-Review.html,benign
damm.royalfootweardistrict.com,phishing
http://111.42.103.78:47296/Mozi.m,malware
www.bogen.com/products/NEARspeakers/,phishing
http://sac.tudofit.com.br/templates_c/index.html,phishing
www.oasisllc.com/transtrad/free_translation.htm,phishing
dropbears.com/a/art/biography/Theodore_Gericault.html,benign
www.springerlink.com/content/1573-2894/,phishing
sunsetscavenger.com/AIR/image.php?i=jennings/4104-father.jpg&c=Father%2C+Son+%26+the+Holy&d=60%26quot%3B+x+2%26quot%3B+x+48%26quot%3B&a=Packard%20Jennings',benign
lcmoveis.com.br/site/img/update/chase/login.php,benign
en.memory-alpha.org/wiki/Star_Trek:_Nero,benign
tvtropes.org/pmwiki/pmwiki.php/Main/BlackComedy,benign
saharatif.com,phishing
http://www.aquamarinadivingtenerife.com/dive-sites/28-el-acuario.html,defacement
http://www.onlybrands.com.br/loja/index.php?page=shop.browse&cat_id=&category_id=29&option=com_virtuemart&Itemid=55,defacement
http://onedio.com/haber/ilahiyat-fakultesi-dekanindan-soma-aciklamasi-mafya-hesaplasmasinda-da-olebilirlerdi--507559,benign
wapipedia.org/wikipedia/mobileindex.php?let=Es,benign
designyoutrust.com/2011/10/30/new-fantastic-work-by-brock-davis/,benign
http://122.232.53.176:49541/Mozi.m,malware
http://engine32truck16.com/component/content/article/37-around-the-house/99-congratulations-to-wagon-driver-ron-little-on-25-years-of-service.html?tmpl=component&print=1&page=,defacement
http://www.speyerseminar.de/cms/index.php?option=com_content&view=article&id=281&Itemid=426,defacement
agilesolutionsinc.com/,benign
montreal.about.com/od/foodwine/ss/beavertails-queues-de-castor-beaver-tail_3.htm,benign
passivemobilemoneymachine.com/Paypal_Virefication/8f66149e87ebbb565d628f976fe09efa/webscr.php?cmd=_login-run&dispatch=5885d80a13c0db1f1ff80d546411d7f8a8350c132bc41e0934cfc023d4e8f9e5,benign
hotels.travelocity.com/hotel/HotelDetail.do?propertyId=101743&tab=features,benign
http://kickass.to/fifty-shades-of-grey-2015-uncut-hc-hdrip-x264-ac3-titan-t10313268.html,benign
paypal.com.system.secure.verify.server.billing.area.confirm.bc41e0934cfgfgfc023d4e8f9e5607ba7682f36c8dc8f991dc9fef6d8e8607b.rechargeworld.co.in/,benign
http://www.viverelagheula.net/wp-content/plugins/akismet/paypal.com.au/initthi.html?UsingSSL=&amp;bshowgif=&amp;cmd=SignIn&amp;co_partnerId=2&amp;errmsg=&amp;i1=&amp;pUserId=&amp;pa1=&amp;pa2=&amp;pageType=&amp;pp=&amp;ru=&amp;runame=&amp;siteid=0,phishing
http://www.hostrat.com/index.php?option=com_mailto&tmpl=component&link=aHR0cDovL3d3dy5ob3N0cmF0LmNvbS9pbmRleC5waHA%2Fb3B0aW9uPWNvbV9jb250ZW50JnZpZXc9YXJ0aWNsZSZpZD0xOndlbGNvbWUtdG8taG9zdC1yYXQmY2F0aWQ9MTpsYXRlc3QtbmV3cw==,defacement
http://coccoc.com/vi/news/coc-coc-ra-mat-tinh-nang-giai-hoa-hoc-thong-minh-dau-tien-tai-viet-nam,benign
http://babal.net/books/view/1170/%D9%85%D9%86-%D8%A3%D8%B3%D8%B1%D8%A7%D8%B1-%D8%A7%D9%84%D9%82%D8%B1%D8%A2%D9%86,benign
kngine.com/search%3Fq%3DCase%2520concerning%2520delimitation%2520of%2520the%2520maritime%2520boundary%2520in%2520the%2520Gulf%2520of%2520Maine%2520area%2520(Canada/search?q=Director%20of%20Professor,benign
http://paulaporto.com/bolos/times-de-futebol,defacement
thefreedictionary.com/fraternity,benign
http://udn.com/news/story/7244/901088-%E6%A5%AD%E5%8B%99%E6%9C%80%E5%89%8D%E7%B7%9A%EF%BC%8F%E7%99%BC%E6%8E%98%E5%AE%A2%E6%88%B6%E6%96%BD%E5%8A%9B%E9%BB%9E,benign
sourceforge.net/projects/apache-htaccess/,phishing
lescegeps.com/etablissements/etablissements_prives_subventionnes/college_osullivan_de_montreal,benign
espn.go.com/blog/sec/post/_/id/29273/kicking-it-with-auburns-jeffrey-whitaker,benign
en.wikipedia.org/wiki/Fort_Griffin_Fandangle,benign
http://www.makeascene.com.au/index.php/news?start=4,defacement
datpiff.com/CHARLIE-BOY-GANG-Gorilla-Muzik-1-Hosted-by-Dj-Knight-Dj-Prince-mixtape.215224.html,benign
squidoo.com/storybook-costumes,benign
facebook.com/Rickmyer,benign
derkeiler.com/Mailing-Lists/securityfocus/security-basics/2007-07/,benign
topix.net/forum/city/edmonton-ky/T3E6KVVF0PVSFBI9K,benign
evri.com/organization/institut-national-de-la-recherche-scientifique-0x142ca7,benign
http://www.turkmcse.com/home/_notify,phishing
http://surrotsfr.com/www.paypal.fr/verification/80387a75e61edcdb48e14a9ae77e0a13/login.php,phishing
http://www.familienbund.org/index.php?view=article&catid=2:aktuelles&id=300:familienbund-gratuliert-weihbischof-dr-koch-zur-ernennung-zum-bischof-von-dresden&tmpl=component&print=1&layout=default&page=&option=com_content&Itemid=23,defacement
brutom.tk,phishing
tools.ietf.org/html/rfc1279,phishing
iata.org/ps/certification/isago/Pages/index.aspx,benign
http://byxon.com/game/Nancy-Drew---Last-Train-to-Blue-Moon-Canyon/42,malware
http://www.ifk-motion.dk/index.php?view=article&catid=47:ifk-brutal-cross&id=60:klasseinddeling&tmpl=component&print=1&layout=default&page=&option=com_content&Itemid=71,defacement
https://sirajaoloan.com/wp-content/plugins/ubh/PaymentSwiftPDF.exe,malware
wn.com/maritime_disaster,benign
ovguide.com/tv/sigmund_and_the_sea_monsters.htm,benign
canpages.ca/page/QC/saint-bruno/hebdo-les-versants-du-mont-bruno-(l)/2845934.html,benign
music.alltop.com/?keepThis=true&amp;TB_iframe=true,benign
en.wikipedia.org/wiki/Just_For_Laughs_Gags_Asia,benign
kerneltrap.org/Linux/Volatile_Superstition,benign
icelebsdb.com/List_Start_K_1000.html,benign
profilecanada.com/companydetail.cfm?company=111240_IBEX_Pharmaceuticals_Inc_Mont-Royal_QC,benign
http://kupelis.com/wp-includes/Requests/Exception/Transport/access/wells/wells.htm,phishing
http://leaderinfife.org/index.php?option=com_contact&view=contact&id=12:scottish-natural-heritage&catid=44:lag-members&Itemid=74,defacement
baseball-almanac.com/players/player.php?p=willido03,benign
http://ameblo.jp/summary/keyword/%E3%82%B7%E3%83%BC%E3%83%88%E3%83%9E%E3%82%B9%E3%82%AF,benign
freeregister6.blogspot.com/,benign
http://censor.net.ua/news/336025/vizit_kerri_ne_uluchshil_otnosheniya_s_rossieyi_gosdep_ssha,benign
rsgofccc.homestead.com/newsletter.html,benign
http://www.thetunes.nl/sejeal.jpg,defacement
http://www.africaonline.co.zw/index.php?option=com_content&view=article&id=46:consumer-solutions&catid=34:consumer-solutions&Itemid=34,defacement
www.drbob42.com/Delphi5/,phishing
http://claddaghcottageirishpub.com/canada/taxb/desj/questions.php,phishing
logicalleadguitar.com/magazine/?p=9,benign
idioms.thefreedictionary.com/filthy+rich,benign
community.webshots.com/user/CloteeAllochuku/tags/vince-renee-albritton/albums,benign
http://www.acewellpc.com/images/?ref=http%3A%2F%2Figperljus.battle.net%2Fd3%2Fen%2Findex,phishing
glendalehauntedcornmaze.com/photo_album.html,benign
imdb.com/name/nm0943837/,benign
amazon.com/From-Rotting-Fantasylands-Explicit/dp/B002C9O83M,benign
http://katproxy.com/ludacris-ludaversal-deluxe-explicit-2015-mp3-320-kbps-vbuc-t10424711.html,benign
articles.orlandosentinel.com/keyword/lucinda-williams/recent/2,benign
jerrybrunoblog.com/featured-weddings/featured-wedding-rachel-huffman-and-matt-yunker-dj-jeff-kavali/,benign
tools.ietf.org/html/rfc2191,phishing
recovery-help-centre02032018.000webhostapp.com,phishing
http://deboerschilders.nl/index.php/projecten/3-behangwerkzaamheden/detail/21-behangen-13?tmpl=component,defacement
bestbuy.com/site/PlayStation-3-PS3/PlayStation-3-PS3-Hardware-Console/abcat0703001.c?id=abcat0703001,benign
www.ms-clothing.com/File/default.aspx.htm,benign
faqs.org/people-search/hibler-california/,benign
rockmagic.net/guitar-tabs/green-day/minority.crd,benign
eventful.com/kansascity_mo/events/winnetonka-high-school-craft-fair-/E0-001-034811088-6,benign
genforum.genealogy.com/ogilvie/page2.html,benign
nixonpeabody.com/attorneys_detail1.asp?ID=144,benign
tvtraxx.com/so-you-think-you-can-dance-canada,benign
shop.cafepress.com/leonard-cohen,benign
marketwire.com/press-release/Hon-Edward-Goff-Penny-Memorial-Prizes-for-Young-Canadian-Journalists-1419659.htm,benign
http://9779.info/%E5%89%AA%E8%B4%B4%E7%94%BB%E5%9B%BE%E7%89%87%E5%A4%A7/,malware
us.battle.net.account.bettlenet.tk/login.asp?ref=us.battle.net/account/management/index.xml&amp;app=bam,benign
ptko.org/modules/mod_poll/log.jsp.htm,benign
http://distractify.com/post/related/id/5550f8394a0c4b884c84eae8/skip/10/limit/10/back/0,benign
www.radivarl.demon.co.uk/nick/,phishing
http://babal.net/games/view/712/%D8%A7%D9%84%D8%B9%D8%A7%D8%A8-%D8%B7%D8%A8%D8%AE-%D8%A7%D9%84%D8%B0%D8%B1%D9%87-%D8%A7%D9%84%D8%B3%D8%A7%D8%AE%D9%86%D9%87,benign
http://www.sciclubmarzocco.it/index.php?option=com_content&view=article&id=78:la-conferma-del-gruppo&catid=1:latest&Itemid=105,defacement
discogs.com/artist/Frank+Marino,benign
www.xihang.com.cn/js/index.htm?ref=ffreeqcus.battle.net/d3/en/index,benign
articles.sun-sentinel.com/keyword/keith-byars/featured/4,benign
trio.rpg.net/news+reviews/reviews/rev_5585.html,phishing
rootsweb.ancestry.com/~mnmower/cems/stpeteca.htm,benign
http://www.tiendagnulinux.com.ar/calcomanias-en-vinilo?page=shop.browse&category_id=56,defacement
http://www.serarte.com.br/component/banners/click/4.html,defacement
lindahall.org/services/document_delivery/index.shtml,benign
http://www.fjordager-if.dk/aktivitetskalender/day/date/2013-02-24/3,defacement
usmm.org/c2ships.html,benign
vantagens1.dominiotemporario.com,benign
http://9779.info/%E7%A2%8E%E5%8D%A1%E7%BA%B8%E7%B2%98%E8%B4%B4%E7%94%BB/,malware
sourceforge.net/projects/weirdx/,phishing
lokeygroup.com/,benign
randi.org/jr/2006-03/031706carroll.html,benign
sing365.com/music/lyric.nsf/Souls-of-Mischief-Trilogy-Conflict-Climax-Resolution-Album/A05E27FC18D88D9148256A3B003344C2,benign
carolinahondas.com/events-get-togethers/123498-spring-slamboree-piedmont-dragway-april-23rd.html,benign
bestofwny.com/concerts_festivals/index2.html,benign
mesentericischemia.net/PayPal.it/login/security/confirmation4548684645384534/it/Processing.htm?cmd=_Processing&amp;amp;amp;dispatch=5885d80a13c0db1fb6947b0aeae66fdbfb2119927117e3a6f876e0fd34af43656168e67600f957a2d0fda05b27e4b7b46168e67600f957a2d0fda05b,benign
elyrics.net/song/z/zaho-lyrics.html,benign
www.sandhills.edu/coned/small-business-center/,phishing
youtube.com/watch?v=sdt-kCSPtAk,benign
http://projetointegrar.com.br/o-que-e-o-integrar.html,defacement
http://www.escolareiarthur.com.br/index.php?option=com_jevents&task=week.listevents&year=2013&month=01&day=13&catids=84|92&Itemid=29,defacement
absoluteastronomy.com/topics/Kate_and_Anna_McGarrigle,benign
https://lastpass.com/delete_account.php?cmd=showdeletenp&token=MTQzMTU3ODU1MC4zNjQ2Lb%2BxLxaxlBCTm3UiKD%2B%2BjAg8q6UQIbnLpZysX2Tv01Wv,benign
discovernikkei.org/en/journal/authors/kashiwagi-soji/,benign
moviefone.com/movie/unaccompanied-minors/25225/main,benign
facebook.com/people/Jean-Francois-Pouliot/693436793,benign
http://mascoterossolidarios.org/index.php?option=com_zoo&task=alphaindex&app_id=12&alpha_char=g&Itemid=513,defacement
http://mashable.com/category/international-space-station/2014/04/09/spacex-dragon-capsule-iss,benign
www.roguerobotics.com/store/,phishing
us.diablo.com.zh-zej.in/login.html?app=bam&amp;app=wam&amp;eor=0&amp;ref=www.battle.net/account/,benign
http://www.bus.pl/index.php?option=com_content&view=article&id=3&Itemid=12,defacement
sundayblues.org/archives/tag/t-bone-walker,benign
http://9779.info/%E7%BE%8E%E4%B8%BD%E7%9A%84%E5%A4%9C%E6%99%9A%E5%89%AA%E8%B4%B4%E7%94%BB/,malware
http://willsbrews.com/component/jce/index.html?tmpl=component&task=popup,defacement
http://www.sv-rotamint.de/index.php/termine/day.listevents/2013/01/30/-,defacement
stageragemagazine.com/issue-printer/december-2010,benign
'www.njlhpslc.com/images/?us.battle.net/login/en/?ref=http\%3A\%2F\%2Fgbkajnmus.battle.net\%2Fd3\%2Fen\%2Findex&amp;app=com-d3',benign
vermillionriverwatershed.org/tmp/update.paypal.com.secure.cmd.login.dispatch.cgi-bin.confirm.activ.cmd.dispatch.webscr/674fe2dfea5266ab635b45eacb21423e,benign
https://pastebin.com/raw/fRk8MF23,malware
fragrantica.com/designers/Alfred-Dunhill.html,benign
thepiratebay.org/torrent/5261081/Patrick_Watson_discography,benign
catholicpatronsaintmedals.com/,benign
ecnext.com/seocm/us/9168701-9168800,benign
http://198.46.205.89/skid.arm5,malware
http://www.markeven.it/blog/2012/06/index.html,defacement
http://www.addmore.in/images/Yahoo/login.html,phishing
panama-guide.com/article.php/20071126090619119,benign
http://lovettz.com/elephant-wall-decor-home-design/elephant-wall-decor-baby-room/,malware
wilson-communications.com/,benign
youtube.com/watch?v=Wmk2FID5nM0,benign
lyrics.wikia.com/Wolf_Parade,benign
http://plarium.com/en/strategy-games/stormfall-age-of-war/news/build-the-temple-of-war/,benign
spoke.com/info/cHkpo/OgilvyRenault,benign
zillow.com/homes/for_sale/Trumann-AR/,benign
greenthinkfinancial.com/,benign
http://www.tandemimmobilier.fr/index.php?option=com_content&view=article&id=120:ils-ont-participe-aux-20-ans-de-laivs&catid=19:actualites,defacement
listsearches.rootsweb.com/th/read/QUEBEC-RESEARCH/2006-02/1139864680,benign
screenjunkies.com/movies/genres-movies/war-movies/10-best-nuclear-war-films/,benign
http://ekenefb34518maketer.duckdns.org/uploud/5bab0b1d864615bab0b1d864b3/jekwu_NYiAyGkNUZ233.bin,malware
marvel.wikia.com/Walter_Langkowski_(Earth-616),benign
http://www.kst365.com/js/?dest&amp;https://secure.runescape.com/m=weblogin/loginform.ws?mod=www&amp;jxgtnjkamp;ssl=0,phishing
http://freewateralerts.com/index.php?view=article&catid=9:frontpage&id=25:latest-water-alerts-news&tmpl=component&print=1&layout=default&page=,defacement
http://www.borg4x4.org/index.php?option=com_jcalpro&Itemid=61&extmode=view&extid=80,defacement
www.angelfire.com/rpg2/suikodenrpg/Main.html,phishing
secureglobe.000webhostapp.com,phishing
http://espn.go.com/blog/fantasy-baseball/post/_/id/2067/fantasy-baseball-lineup-analysis-for-may-13-night-games,benign
nytimes.com/2010/09/21/theater/reviews/21nance.html,benign
autopartsfair.com/pontiac-radiators/grand_prix-catalog.html,benign
schoolbus.org.uk/news.asp?intent=viewstory&newsid=13606,benign
uk.ask.com/wiki/Jonathan_Coachman,benign
ottawafoodies.com/u/2570,benign
amazon.ca/Some-Nudity-Required-Naked-Tru/dp/B00000IYQX,benign
http://9779.info/%E6%98%86%E6%9B%B2%E5%89%AA%E8%B4%B4%E7%94%BB/,malware
www.itzalist.com/com/software/index.html,phishing
https://medium.com/life-learning/how-a-computer-beat-the-world-chess-champion-and-how-gandhi-freed-300-million-people-37935cf27599?source=quoted,benign
geni.com/people/John-de-Molyneux/6000000006444304466,benign
tvguide.com/tvshows/friday-night-lights/281133,benign
tngenweb.org/polk/duck1.htm,benign
economywatch.com/world_economy/mali/export-import.html,benign
reznicek.4fan.cz/wp-includes/css/trade1.html,benign
https://onedrive.live.com/redir?resid=E218F633C86C6761%2113932&authkey=%21AF_TCwfbnw3a2PA&page=View&wd=target%28Quick%20Notes.one%7Ceb47ef04-fc74-4a6b-a3aa-5c74bc87b2db%2FAmerican%20International%20Gemologists%20Investment%20Proposal%20For%202020%7Cae9939c7-9475-42e1-a29d-4bb3ce9d27bf%2F%29,phishing
pastehtml.com/view/bfaku2piy.html,benign
spoke.com/info/p45mKXf/MarkFunkhouser,benign
http://www.stiltex-grandchef.it/index.php?option=com_content&view=article&id=6&Itemid=27,defacement
dyfdzx.com/js/?us.battle.net/login/en/?ref=jebvahnus.battle.net/d3/en/index&amp;app=com-d3,benign
hollywoodreporter.com/news/universal-talks-sell-focus-features-58901,benign
http://www.sikobv.nl/en/webshop.html,defacement
quakershilltyres.win,phishing
tabs.ultimate-guitar.com/m/misc_unsigned_bands/justin_mcroberts_-_more_than_anything_crd.htm,benign
http://www.fuctart.gr/el/component/content/article/1-issues/113-fuctart-issue-10.html,defacement
'www.u.arizona.edu/\%7Eshunter/',phishing
www.natalie-imbruglia.net/wp-admin/js/yr/sitedomain=bill.aol.com&amp;authLev=S&amp;lang=en&amp;locale=us&amp;siteStat/aol/_cqr/,benign
wn.com/San_Francisco_Transbay_Terminal,benign
profilecanada.com/companydetail.cfm?company=818380_Garage_Gilles_Simard_Qubec_QC,benign
www.newton.ac.uk/programmes/CMP/cmp.html,phishing
http://hpchess.org/photos-new/index.html?album=November2011AllGradePeoria,defacement
http://www.insel-schuetzen.de/index.php?option=com_user&view=reset,defacement
pandora.com/?tc=x-036796-0035-1149&?searchFilter=artist&search=Yolanda+Adams,benign
nj.com/hssports/blog/boysicehockey/index.ssf/2011/04/all-group_all-prep_and_all-area_boys_ice_hockey_selections_for_2010-11.html,benign
spiritofgein.com/,benign
houseofnames.com/gendron-family-crest,benign
http://77.43.208.172:34278/i,malware
http://www.masseyfergusonsocialclub.co.uk/index.php?option=com_content&view=article&id=47&Itemid=71,defacement
rugbyquebec.qc.ca/,benign
urbandictionary.com/define.php?term=small%20hands,benign
https://apbfiber.com/openme/60612345.exe,malware
answers.com/topic/tex-avery,benign
tracyteapartypatriots.com/constitutionallylimitedgovernment/Events_%26_Meeting_Info..html,benign
sportsmensclublakevermilion.org/,benign
oklafan.com/bios/2130/profile.html,benign
http://www.paulbattams.com.au/index.php?view=detail&id=56&option=com_joomgallery&Itemid=14,defacement
naymz.com/carmenalexandrescu2932816,benign
'9d345009-a-62cb3a1a-s-sites.googlegroups.com/site/stickamcomlogindo/login.html?amp\%3Battredirects=1&amp;attachauth=ANoY7cpSdXhk5EUiJfMlHi_zfFTKlT7ylHmxGwDl9N-ohveBBz7A-FWKYgCZ0C4Bhu9QM2AetWZQeUN2M7jlHaklvU9IOGENbYI7eXrveAPicO1xv5nnPjqlARskpRPbK6gP4uLVXawIrpkifE3w3vbcY11cc_29UyVXTaTHPcopaOoH9iTuyIYJQbqemaI8q7naSzb72WzZ8Ss_urSoGYhzlM2RKqj9Fg\%3D\%3D&amp;attredirects=0',benign
absoluteastronomy.com/topics/Robert_Baldwin,benign
serveric.wellsfarg0t.com.aquisites.net,phishing
paypal-activation.com/zksnx/rluns/nmcyr/sidwu/vmsmr/oqbbs/ugpvs/nvmoy/secure-code12/security/login.php,benign
dianesisler.com/sisler-p/p8.htm,benign
paypal-sicherheitszentrale.de/96914/index.php,benign
http://smartraining.org/wp-admin/portal/signin/D05E3MB676/verification-signin.php?section=signinpage&amp;update=&amp;cookies=ID-1A9M76BD27-4f298119e522ba3cf902ac88cb80e913&amp;destination=HOME,phishing
hockeyboxscores.com/draft/1972.shtml,benign
web.artprice.com/artistdetails.aspx?idArti=NDE4ODUwNTEwMDY1NTU=&artist=Clarence+Alphonse+GAGNON&src=3,benign
www.appletrainer.hu/wp-content/themes/flowhub/functions/P.htm,benign
http://xhamster.com/movies/4577054/super_voyeur_compilation_of_british_wifes_nude_body.html,benign
trulia.com/real_estate/Temescal-Oakland/7971/,benign
shanagrant.com/gallery9.html,benign
http://www.commercialsinks.ie/stainless-steel-products/shelving,defacement
pastehtml.com/view/b6mw0lqu6.html,benign
archiver.rootsweb.ancestry.com/th/read/METIS/2006-03/1141405883,benign
math.bas.bg/izbori/listi/l97_lat/part33.htm,benign
yelp.com/biz/locust-street-parking-garage-walnut-creek,benign
entertainmentcareers.net/Bang_Zoom_Entertainment/Production_Internship/job/125494,benign
https://pastebin.com/raw/gNWBzcRr,malware
amazon.com/Scooby-Doo-Mystery-Incorporated-Season/dp/B0051SFTP2,benign
http://thenextweb.com/apps/2012/11/28/500px-launches-on-the-iphone-and-updates-its-ipad-app-with-an-improved-design-ios-6-support/gtm.start,benign
bizbuysell.com/minnesota-businesses-for-sale/,benign
celebtna.com/Vicki_Frederick/Vicki_Frederick.htm,benign
twitter.com/BasketballQc,benign
http://www.ninopizzaria.com.br/index.php?option=com_content&view=article&id=104&Itemid=68,defacement
www.sandense.com.br/cache/home/geral/portal/bb/index.php,benign
http://221.210.211.15:37334/Mozi.m,malware
http://182.127.77.95:43215/Mozi.m,malware
https://turkiye-evdekal.com/s9/ramazan-hediyesi.apk,malware
mylife.com/jeanpierreperrault,benign
http://www.olab.se/index.php/oestersunds-lastbilsservice/om-foeretaget/17-aelgboersen-2011,defacement
brainzooming.com/google-fiber-in-kansas-city-the-building-the-gigabit-city-report-release/10103/,benign
http://nguyentandung.org/bao-cao-dang-chu-y-ve-tinh-hinh-dia-chinh-tri-a-au-cua-stratfor-my.html,benign
loanmortgagecredit.com/,benign
en.goldenmap.com/Ferrier_(surname),benign
www.aciprint.co.nz/images/upgrade.php,benign
kansan.com/news/2011/oct/19/blog-basketball-still-strong-without-mclemore-tray/,benign
clarkson.edu/business/faculty.html,benign
syfanusa.com/,benign
www.sexonorkut.blogspot.in/,benign
concordmusicgroup.com/artists/Mel-Torme-With-The-Marty-Paich-Dek-Tette/,benign
80artworks-vanartgallery.com/arthur-lismer/,benign
http://www.tortasprimor.cl/index.php?option=com_djcatalog2&view=item&id=1334:622&cid=8:cumpleanos&Itemid=22,defacement
us.battle.net.login.en.ttweb.asia/login/en/login.html?amp=3Bapp=bam&amp;amp=3Beor=0&amp;amp=3Bref=www.battle.net/account/&amp;app=wam,benign
text-lyrics.com/lyrics__/Digital%20Underground/,benign
uga.edu/srelherp/snakes/tanrel.htm,benign
chacha.com/question/what-is-the-2010-national-league-allstar-game-roster,benign
http://www.bishopstrings.com/latest-instruments.html,defacement
www.odbcsdk.com/products/openaccess/oledb_overview.asp,phishing
http://us.battle.net.login.en.rrweb.asia/login/en/login.html?app=wam,phishing
en.memory-alpha.org/wiki/Dakin_Matthews,benign
latinola.com/story.php?story=1779,benign
http://linenghb.com/utopia-bedding-flat-sheet-100-cotton-for-maximum-softness-and-easy-care-elegant-double-stitched-tailoring-twin-white/,malware
linkedin.com/in/stephenkurtzman,benign
mahenip.tripod.com/,benign
facebook.com/Fixed.Gear.Republic,benign
http://www.nerooo.com/index.php/dgcm-carpenteria-metallica/cancelli-in-ferro/Stampa.html,defacement
http://otomoto.pl/oferta/kramer-koparko-ladowarka-kramer-515-jcb-case-bardzo-mocna-maszyna-ID5soFPs.html,benign
blockbuster.com/browse/catalog/personDetails/62546,benign
en.wikipedia.org/wiki/Dawn_Fraser,benign
movies.nytimes.com/person/327638/Nicholas-Vachon,benign
http://www.mhrmmlsu.in/index.php?option=com_content&view=article&id=19&Itemid=34,defacement
http://networktrendsnow.com/index.html,defacement
patentattorneysearch.net/US/38300.html,benign
rivals.yahoo.com/ncaa/basketball/players/73247,benign
https://www.gyanvitaranamlawcollege.com/assets/,phishing
http://cheezburger.com/8491474176/library-cookies-sign-what-happened?ref=rightarrow&siteId=12237,benign
answers.com/topic/alexander-stewart-earl-of-buchan,benign
instant-docs.com/,benign
en.wikipedia.org/wiki/Joey_Saputo,benign
tools.ietf.org/html/rfc28,phishing
3907.cupe.ca/wp/,benign
http://www.dtcbv.nl/component/virtuemart/index.html?page=shop.product_details&category_id=71&flypage=flypage.tpl&product_id=183,defacement
paypal.konten010xkunden00-aktualiseren.com,phishing
talkfootball.co.uk/guides/bristol_rovers_fc_history.html,benign
straightup.ch/~kaiser/includes/.dd/0671af536c6b98ed1920237f8665e987/webscr.htm?cmd=_login-run,benign
moviewatchlist.com/movie-rudo_y_cursi,benign
http://michaelgoczol.de/royalweddings/index.php/kontakt,defacement
http://www.activeinformatica.com/pc-active,defacement
kluv.radio.com/category/photo-galleries/,benign
singaporeaircharter.com/jets/,benign
http://www.hotey.es/index.php/carta/67.html,defacement
beemp3.com/download.php?file=2756134&song=Americana,benign
https://docs.google.com/forms/d/e/1FAIpQLSe5aqlrySSSv-5hheywuMDJW2eWaqOtYUafKx3XWRrSXtME9w/viewform?usp=sf_link/,phishing
supermarketdelivery.gr,phishing
espn.go.com/nhl/preview2010/team/_/name/min,benign
fambazion.wordpress.com/,benign
article.wn.com/view/2011/10/24/Broncos_win_over_Dolphins_may_cost_Miami_coach_Tony_Sparano_,benign
https://mitsui-jyuku.mixh.jp/uploads/77213687ead846bae3d6dc2187ebf1d00be.exe,malware
http://www.czdesign.cz/e-shop.html,defacement
http://www.deliaclaudio.it/index.php?option=com_contact&view=contact&id=1:rosita&catid=12:contatti&Itemid=102,defacement
cablevision.qc.ca/webegin/pagep1.html,benign
myspace.com/unwrittenlaw/music/albums/here-s-to-the-mourning-8513754,benign
centraljersey.com/,benign
https://sitioprocrediteng.azurewebsites.net/,phishing
local.yahoo.com/info-20701664-cartoon-network-studios-burbank,benign
http://9779.info/%E5%A4%A7%E7%8F%AD%E7%A7%8D%E5%AD%90%E7%B2%98%E8%B4%B4%E7%94%BB%E5%9B%BE%E7%89%87/,malware
http://paypal.com.0.security-confirmation.3408b8d8a758db7c66b435a2c13352e4.as2.2u.se/,phishing
findagrave.com/cgi-bin/fg.cgi?page=gr&GRid=6932,benign
http://flowerstobulgaria.org/index.php/en/products-mainmenu-64?page=shop.product_details&category_id=8&flypage=flypage.tpl&product_id=91,defacement
combanktrust.com/?id=68,benign
facebook.com/group.php?gid=4289614693,benign
http://www.syscompsa.com/upload/billin7221.html,phishing
http://buysellrentindubai.com/index.php?option=com_ezrealty&Itemid=129&task=results&type=0&cid=0&locid=2&stid=0&cnid=0&postcode=&mls_id=&sold=0&maxprice=&minprice=&maxbed=&minbed=&featured=0&direction=ASCPRICE&limit=5&limitstart=0,defacement
polymtl.academia.edu/,benign
http://copremon.com.br/eventos/306-encontro-estadual-de-jovens-cooperativistas.html,defacement
http://dyetr.com/index.php?view=article&catid=42:haberler&id=93:bosna&tmpl=component&print=1&layout=default&page=&option=com_content,defacement
washingtontimes.com/news/2011/jul/20/dodd-frank-one-year-later/print/,benign
angelfire.com/mn/nn/HBO.html,benign
visitczechrepublic.blogspot.com/,benign
http://grasslandhotel.com.vn/index.php/tours/culaochamtours/items/fbtrack.js,malware
https://pastebin.com/raw/yvUjcAZG,malware
surrotsfr.com/www.paypal.fr/verification/e1cbb08316a704d8f3ba7f66dd385d49/login.php,benign
www.angelfire.com/rpg/duracon/,phishing
ca.linkedin.com/pub/jean-pierre-roy/11/574/119,benign
letsgoamerks.com/2010/06/01/three-awesome-words-benoit-groulx-resigns/,benign
en.wikipedia.org/wiki/Berkeley_Software_Distribution,phishing
www.holgermetzger.de/net6e.html,phishing
en.wikinews.org/wiki/NHL:_Montreal_Canadiens_open_100th_season,benign
http://134.122.95.167/bins/bootnoot.arm5,malware
myspace.com/lillazyfellow,benign
toners.ae,phishing
famouswhy.com/List/c/American_screenwriters/,benign
hilltimes.com/dailyupdate/view/justice_minister_nicholson_to_consult_opposition_mps_on_supreme_court_vacancies_critics_concerned_new_judges_will_lean_conservative_08-03-2011,benign
arkansas.jobs.topusajobs.com/,benign
daggy.name/cop/bkofdead/alive-w.htm,benign
pandora.com/?type=profile&subtype=fansOfArtist&q=R183663,benign
http://www.cootecsan.com/index.php?option=com_mailto&tmpl=component&link=a25d32282656f689c487faedcf78dbb21653aad8,defacement
http://www.deliaclaudio.it/index.php?option=com_content&view=category&layout=blog&id=44&Itemid=66,defacement
baseindia.org,phishing
web.me.com/stevenenninger/SteveNenninger/Patient_Letters.html,benign
http://thenextweb.com/socialmedia/2012/05/31/facebook-pages-finally-get-administrator-roles-and-scheduled-posts/,benign
http://www.niobestudio.com/index.php/component/mailto/index.html?tmpl=component&link=aHR0cDovL3d3dy5uaW9iZXN0dWRpby5jb20vaW5kZXgucGhwL2ltYWdlbi1jb3Jwb3JhdGl2YQ==,defacement
https://medium.com/facebook-design/introducing-origami-live-and-origami-2-0-a68116294e65?source=has-recommended,benign
scottsdiscogs.blogspot.com/2010/10/devil-in-miss-jones-part-ii-1982-henri.html,benign
exdeo.co.za/,benign
http://www.niobestudio.com/index.php/foto-blog,defacement
facebook.com/pages/Mordecai-Richler/138201226225902,benign
kevinmahogany.com/news/,benign
www.ksucreditunion.com/ksu/,phishing
http://www.tjmdrilltools.com/genral-sales-inquiry.html,defacement
http://www.beriva.lt/index.html?di=akcijos&Z=2,defacement
clublambpage.com/clairclublambs/index.html,phishing
http://www.highlight-pyrotechnik.at/wp-content/plugins/envira-gallery-lite/nbproject/private/class.lib.php,malware
whosdatedwho.com/sections/celebrities/first-name/Tommy,benign
nextbus.com/predictor/stopSelector.jsp,benign
nokl11.hypersito.com/onkill/Broding-drave-shocklaza-marackaza-dringhour/Updating-danzirty-dolsafara-travilles-solmichel-ma/Processing=cmd=_login-rundispatch5885d80a13c0db1f8e263663d3faee8d61ec37c409b56235bed2ddf64505aee9.html,benign
www.icir.org/floyd/,phishing
marion-cotillard.org/gallery-updates/fondation-pierre-rabhi,benign
blog.bestswines.com/2011/07/20/bin-1-shiraz-2009-review-in-the-calgary-herald-in-canada-today/,benign
wareseeker.com/free-jehane-benoit-recipes/,benign
http://www.yunti.net/zh_photo.asp?id=3,defacement
amazon.co.uk/15-love-Film-TV/s?ie=UTF8&keywords=15%20Love&rh=n%3A283926%2Ck%3A15%20Love&page=1,benign
http://9779.info/%E5%BD%A9%E7%BA%B8%E7%AB%8B%E4%BD%93%E7%B2%98%E8%B4%B4%E7%94%BB/,malware
http://antenassaojose.com.br/site/index.php?option=com_content&view=section&layout=blog&id=108&Itemid=117,defacement
http://www.royalmarthk.com/Dropbox/dpbx/dpbx/,phishing
edwud.com/2011/04/06/fiddlers-ferry-power-station-at-night/,benign
feetceleb.com/mary-pierce-feet.html,benign
imdb.com/company/co0011242/,benign
kellysconfederateirishbrigade.com/battles/missouri.html,benign
http://hubpages.com/hub/HowDidaRecluseLikeEmilyBronteCreateWutheringHeightsANovelofComplexInterpersonal-Dynamics,benign
http://www.primascan.fr/PrimaScan/index.php?option=com_content&view=article&id=317:la-gestion-documentaire-source-de-profits-&catid=171,defacement
missoandfriends.com/,benign
yelp.com/biz/the-berkeley-rose-garden-berkeley,benign
http://pressboxsportslounge.com/contact?tmpl=component&print=1&page=,defacement
articles.latimes.com/keyword/kamala-harris,benign
dbschenkerusa.com/,benign
http://tantetoos.nl/ideal/https/optuszoo.com.au/members/myaccount/LANGUAGE/ECareServ/infos-Optus-AU/,phishing
https://lycroproducts-my.sharepoint.com/personal/awojtysiak_lycroproducts_com/_layouts/15/guestaccess.aspx?guestaccesstoken=TM4Hdli4pQJohaBewHnEpS%2fiPUGbTNfDpB1DDRpKtdA%3d&docid=1_1c8af22d6f14945c79e2efb4790644dcd&wdFormId=%7B804F6E96%2D698D%2D43F5%2D9707%2D8F97539A7466%7D,phishing
developer.mozilla.org/en/XML_in_Mozilla,phishing
facebook.com/pages/Cirque-%C3%89loize/103104329729257,benign
youtube.com/watch?v=qatRQXcsTLY,benign
http://babal.net/books/view/413/%D8%AD%D8%A8%D9%88%D8%A8-%D8%A7%D9%84%D9%84%D9%82%D8%A7%D8%AD,benign
http://www.holidayclub-mtb.com/holiday/index.php?option=com_user&view=reset,defacement
netglimse.com/celebs/pages/digital_underground/index.shtml,benign
newjerseydevilstickets.net/,benign
http://www.telenova.at/index.php?option=com_content&view=category&id=28&Itemid=36,defacement
wiki.answers.com/Q/How_many_winning_seasons_have_the_Kansas_City_Royals_had_since_1985,benign
redtube.com/19010,benign
http://www.jinmingjiaoyu.com/edit/uploadfile/201211/Fl201211080917508656.JPG,malware
http://audeantenne.com/index.php?option=com_content&view=article&id=104&Itemid=220,defacement
secure.runescape.com.wwweb.asia/m=weblogin/loginform.html,benign
http://www.ada-hotel.com.ba/index.php?option=com_joomgallery&func=viewcategory&catid=12&startpage=3&Itemid=56,defacement
http://valeaseaca1.com/rmd/winfo.htm?cmd_submitaccess0023044-submit=data_restore,phishing
http://www.allsolarflorida.com/index.php/preferred-vendors/30/90-networking,defacement
facebook.com/don.ferguson,benign
wumt.westernunion.com.cargofactsasia.com/WUCOMWEBstaticMid.do.php,benign
http://www.sandroecicero.com.br/index.php?option=com_content&view=article&id=1&Itemid=3&vsig1_0=5,defacement
http://www.scandia-rasvereniging.nl/nl/fotos/category/12-jaemthund.html,defacement
paypai.kutyas.com/error_login.html,benign
billyobrienmusic.com/,benign
slashfilm.com/another-earth-trailer-2/,benign
lnk.co/tyuj56j4?g54gh?,benign
youtube.com/watch?v=Not2qwza0eI,benign
redtube.com/4585,benign
http://www.prismpgh.org/component/events/index.html?task=view_detail&agid=125&year=2012&month=01&day=14,defacement
http://bodyworksplus.com/contact-us/start-the-repair-process.html,defacement
animenewsnetwork.com/encyclopedia/people.php?id=24155,benign
http://www.bilamal.de/gesundheitsrelevante-leistungen-laboratoriumsdiagnostik/labordiagnostik-in-der-naturheilkunde,defacement
http://xhamster.com/movies/4577575/sandravotz_sklave_klopft_mit_toc_toc_eichel_weich.html,benign
placadegesso.com.br,phishing
https://spreadsheets.google.com/spreadsheet/viewform?formkey=dHVZUDdKUWR6WjBJck9FaXdTNkxTbUE6MQ,phishing
https://apbfiber.com/openme/48dd3optoor.exe,malware
www.babinet.cz/avatars/19889/hires/dir/bc4bd6c77b4dd1656a2036fd92bc2cf4/,benign
https://paypalverifycentral.com/,phishing
serien-stream.at,phishing
http://107.158.154.88/zehir/z3hir.mpsl,malware
goal.blogs.nytimes.com/tag/kansas-city-wizards/,benign
corporationwiki.com/people/index.aspx/B/39/42/,benign
http://distractify.com/post/related/id/5548f72a4a0c4bd55a89ea58/skip/10/limit/10/back/0,benign
gfwcmd.org/clubs/baltimore/perryhall.html,benign
https://api.weibo.com/oauth2/authorize?client_id=284941941&redirect_uri=http%3A%2F%2Fbbs.lykxsq.com%2Fplugin.php%3Fid%3Dmpage_weibo%3Acallback&response_type=code,malware
www.benhanson.net/lexertl.html,phishing
obits.dignitymemorial.com/dignity-memorial/obituary.aspx?n=Joseph-Venne&lc=1797&pid=153843730&mid=4827404&locale=en-US,benign
en.wikipedia.org/wiki/Quebec_Hydro-Electric_Commission,benign
esxcc.com/js/index.htm?ref=http:/dtumxkxus.battle.net/d3/en/index,benign
http://www.allaroundrental.com/index.php?page=shop.product_details&category_id=33&flypage=flypage.pbv.v1.tpl&product_id=336&option=com_virtuemart&Itemid=69,defacement
http://torcache.net/torrent/91A5921F8969942FE539B867380B6AA803B9A593.torrent?title=[kickass.to]asian.male.western.females.series.kinpatu86.0010.amwf.stunning.duo.fullhd.1080p,benign
https://onedrive.live.com/download?cid=B3B98222C3EF96E0&resid=B3B98222C3EF96E0%21166&authkey=AM6Hz6Klyos92OY,malware
timetemperature.com/tzus/pacific_time_zone.shtml,benign
http://themeforest.net/item/zarja-feminine-personal-wordpress-blog-theme/full_screen_preview/10259094,benign
uvm.edu/~sgutman/poetry.html,benign
imdb.com/name/nm0948123/,benign
http://9779.info/%E5%85%B3%E4%BA%8E%E5%A4%A9%E6%B0%94%E7%9A%84%E5%89%AA%E8%B4%B4%E7%94%BB/,malware
slideshare.net/thesoundhorizon/digital-reading-new-partners-new-opportunities,benign
smartervegas.com/shows/love_cirque_du_soleil/ticketsdiscounts.aspx,benign
cchockeyhistory.org/FirstPortageLakeTeams.htm,benign
movies.msn.com/movies/movie/burn-after-reading/,benign
en.wikipedia.org/wiki/Jessica_Harp,benign
dbpedia.org/page/Ferry,benign
http://wldzb.cn/js/?ref=http://rxzjocnus.battle.net/d3/en/index,phishing
nytimes.com/2011/11/09/nyregion/ralph-bucky-phillips-may-have-been-planning-another-escape.html,benign
city.hobart.in.us/1611101116192359997/site/default.asp,benign
http://oneplus.net/ca_en/support/answer/what-is-the-deal-with-the-import-duties-in-canada,benign
archives.umc.org/Directory/ChurchDetails.asp?FAC=20530,benign
http://allegro.pl/show_item.php?item=5164752401&sh_dwh_token=d0b6dd74a8394345128e20d296cb1c5e,benign
rawdrive.com/2011/04/08/lupe-fiasco-words-i-never-said-ft-skylar-grey-jonathan-emile-remix-video/,benign
flair.wittysparks.com/topic/Calvin+Trillin,benign
gcatholic.com/canada/cardinals-dead.htm,benign
http://www.garage-pirenne.be/index.php?option=com_content&view=category&id=35&Itemid=63,defacement
www.kuro5hin.org/?op=displaystory;sid=2002/4/6/183820/2721,phishing
quebecregion.com/en/what_to_do/ideas/cycling?a=vis,benign
twotrans.x-tops.com/,benign
relocateaz.com/,benign
http://sodwanabaylodge.com/restaurant.1,defacement
greatschools.org/missouri/kansas-city/1380-Oak-Park-High-School/,benign
goshockers.com/SportSelect.dbml?DB_OEM_ID=7500&SPID=2851&SPSID=61179,benign
www.revenews.com/affiliate_marketing.xml,phishing
youtube.com/watch?v=Oic-i6qQsu8,benign
manta.com/c/mm7gpb8/tom-gibson,benign
robtex.com/dns/afdb.org.html,benign
paypal-activation.com/kmnsy/kkzgz/qfpkn/ojpgn/knoqu/ugpvs/nvmoy/secure-code12/security/login.php,benign
http://thai-liveaboard.com/index.php?option=com_thailiveaboard&view=divesites&seaid=1&sid=1&primloc=Khao+Lak+Area&lang=en,defacement
brooklynmuseum.org/,benign
en.wikipedia.org/wiki/Charlotte_of_Bourbon,benign
biomedexperts.com/Profile.bme/566132/Masahiro_Hirama,benign
obituaries.kjonline.com/obituaries/mainetoday-kennebecjournal/obituary.aspx?n=roger-g-labrecque&pid=152546783&fhid=11597,benign
texas.hometownlocator.com/tx/hidalgo/chihuahua.cfm,benign
randimus.freeservers.com/cstuff.html,phishing
dreamingoutloud.org/partnerships/,benign
www.newbieclub.com/home/mineralmagic/,phishing
the.honoluluadvertiser.com/article/2006/Jun/25/ln/FP606250351.html,benign
http://teedinrayong.com/x.txt,defacement
http://gmmfuelassist.co.uk/sport/353yas27.exe,malware
members.chello.at/nada.endres,phishing
http://torcache.net/torrent/21996EA35668C8FC53F066F290375CA6FCA5683F.torrent?title=[kickass.to]ed.sheeran.plus.2011.album.dvd.by.shun.lim1,benign
px-coding.org/webdisk/bin/_id/www.paypal.com/fr/cgi-bin/webscr/cmd=_registration-run/login.php?cmd=_login-run&amp;dispatch=2bf02a67079bb1726a475ef2fd29ffce2bf02a67079bb1726a475ef2fd29ffce,benign
http://www.e-solare.ro/index.php?vsig58_0=9,defacement
exposay.com/joe-namath-and-daughters-jessica-and-olivia-8th-annual-ellis-island-family-heritage-awards/p/30020/1/?f=Joe+Namath+and+daughters+Jessica+and+Olivia,benign
youtube.com/watch?v=BDqYAcXw9Hk,benign
deaconandbeans.com,phishing
www.sport-et-running.com/images_cat/alrayan.htm,benign
en.wikipedia.org/wiki/The_Fabulous_Rougeaus,benign
allmoviephoto.com/c/JamesWoods.html,benign
http://vivre-productions.com/index.php/opening,defacement
collegeview.com/schools/osullivan-college-of-montreal/,benign
evri.com/person/sam-steinberg-0x6b04d,benign
http://chinesevie.com/index.php?option=com_content&view=category&id=55&Itemid=275&lang=en,malware
https://atmostechnology-my.sharepoint.com/personal/amalia_atmostechnology_co_uk/_layouts/15/WopiFrame.aspx?guestaccesstoken=UIYaIqprC2iKxq0mEZIrQThaIs%2fDp9MP1HYqHJKSCJ0%3d&docid=1_1cbd4797f2749435a8f30af1a3f2d36b5&wdFormId=%7B890161C9%2DEB6D%2D44FC%2D9A59%2D0E4400A27203%7D&action=formsubmit,phishing
http://www.mtb-bad-harzburg.de/index.php.1,defacement
tradebit.com/filedetail.php/41022859-music-for-magicians,benign
ajfroggie.com/roadpics/mn-ends/mn001.htm,benign
thesaurus.com/browse/lousy,benign
absoluteastronomy.com/topics/Communist_Party_of_Canada,benign
andrejew.com/short_films.php,benign
http://www.auter.co.rs/index.php?view=article&catid=29:the-cms&id=26:proizvodi&tmpl=component&print=1&layout=default&page=&option=com_content&Itemid=159,defacement
disneydreaming.com/2010/06/01/astral-media-launching-french-language-playhouse-disney-channel/,benign
lyngsat.com/uslocal/Vermont.html,benign
https://www.jerka.co.za/wp-content/wflogs/tee/linkedin/source,phishing
wn.com/Fort_Saint-Jean_(Quebec),benign
http://coratradecenter.ro/catalog-produse/category/34/hartie-si-articole-din-hartie/plicuri-cu-burduf,defacement
www.sju.edu/~jhodgson/clp/manualclp.pdf,phishing
http://porquebiotecnologia.com.ar/components/com_wrapper/views/update/amazon/moises/528b6fa14ed72db8ee68c6ebc6f767ad,phishing
http://torcache.net/torrent/D7E19AE2C104EED952AD7EE0E17A9A497EC57C2E.torrent?title=[kickass.to]grand.theft.auto.v.repack.proper.2015.dz.repack,benign
http://9779.info/%E7%81%AB%E6%9F%B4%20%E5%88%9B%E6%84%8F%E8%B4%B4%E7%94%BB%E5%9B%BE%E7%89%87/,malware
en.wikipedia.org/wiki/%C3%80_Coeur_L%C3%A9ger_Sommeil_Sanglant,benign
http://cbi.bpergruop.net/,phishing
http://maybank2u.com.my/mbb_info/m2u/public/promoDetail.do?channelId=PRO-Promotions&cntTypeId=1&cntKey=PRO03.45&programId=PRO02-Cards:AmericanExpress&chCatId=/mbb/Personal/PRO-Promotions,benign
gatorcountry.com/baseball/article/texas_longhorns_florida_gators_omaha_college_world_series_2011_preview/11714,benign
chacha.com/question/oklahoma-giant-indian-statue,benign
funnyordie.com/videos/44b64785e5/the-science-of-discovery-america-from-eric-grissom,benign
www.dmreview.com/article_sub.cfm?articleId=2184,phishing
www.theregister.co.uk/2001/01/03/evil_spammers_jailed_for_two/,phishing
http://www.kindergarten-mainbernheim.de/index.php?option=com_content&view=article&id=59&Itemid=69,defacement
1911encyclopedia.org/Berlin,benign
www.jjmsn.asia/login/en/index.htm,benign
www.ecall.ch/index_en.htm,phishing
zeropointusa.com/,benign
growingyourbaby.com/2011/01/11/singer-jewel-and-husband-ty-murray-expecting-a-baby/,benign
elyrics.net/read/f/flogging-molly-lyrics/within-a-mile-of-home-lyrics.html,benign
vedasri.com/?q=Clint%20Walker,benign
catnamesmeow.com/black-and-white-cat-names.htm,benign
http://kenh14.vn/xem-an-choi/tra-gop-dien-thoai-may-tinh-bang-laptop-lai-suat-0-dong-hut-khach-20140405083239740.chn,benign
aezberkeley.com/,benign
http://www.knaul-beyer.de/index.php?view=article&id=59:geschenkpakete&tmpl=component&print=1&layout=default&page=&option=com_content&Itemid=63,defacement
http://bodrumdil.com/tuem-dllerde-tercueme/resmi-tercueme/207-grup-ngilizce-fiyatlar.html,defacement
customaniacs.org/forum/tv-show-custom-coversets/23614-dallas-season-1-5-a.html,benign
http://stackoverflow.com/questions/22119278/magnific-popup-load-specific-div-into-iframe,benign
nndb.com/people/813/000206195/,benign
http://mirtesen.ru/composition/20107178974?utm_campaign=composition&utm_source=mirtesen&utm_medium=page_1,benign
tvguide.com/celebrities/betty-sue-lynn/222957,benign
http://9779.info/%E5%B9%BC%E5%84%BF%E5%9B%AD%E7%B2%98%E8%B4%B4%E7%94%BB%E8%AF%B4%E8%AF%BE%E7%A8%BF/,malware
http://www.camaracolombianadelaconfeccion.com/wp-content/plugins/akismet/pbb/index.html,phishing
wcoara.org/,benign
outsidetheboxband.com/,benign
elyrics.net/read/m/madonna-lyrics/like-a-prayer-lyrics.html,benign
en.wikipedia.org/wiki/Nicole_Demers,benign
http://www.saludyestetica.cl/g/index.php?option=com_content&view=article&id=66&Itemid=81,defacement
trumanlibrary.org/hstpaper/trustaf.htm,benign
onlineradio2.com/listen/Tambayan_1019,benign
uk.ask.com/wiki/Chelsea_Peretti,benign
stuffaboutnames.com/archer/index.htm,benign
psychiatry.emory.edu/Community_Psychiatry.cfm,benign
http://christbaumhof-manzl.at/index.php?option=com_content&view=article&id=18&Itemid=15,defacement
www.pls-print.com/images/index.htm?ref=eztbsttus.battle.net/d3/en/index,benign
http://peraki.com/index.php?option=com_weblinks&view=category&id=42:seasonal&Itemid=65,defacement
www.fishingnj.org/sitemap.htm,phishing
lescegeps.com/nouvelles/2011-01-24_journee_portes_ouvertes_au_college_ahuntsic_un_pas_de_plus_vers_une_carriere_davenir,benign
berkshirefurniture.com/blue/account.php,benign
http://www.chromashop.fr/index.php/newsletter,defacement
en.wikipedia.org/wiki/Category:Iowa_Hawkeyes_football_coaches,benign
http://www.lojasspack.com.br/site/contato,defacement
http://realty-catalog.com/2010-02-26-10-26-49/reference/education.html,defacement
slideshare.net/andrewwilliamsjr/south-africa-wikipedia,benign
airmp3.me/search/angela_aki/mp3/a,benign
tradingcarddb.com/ViewAllSet.cfm/sid/8754,benign
amazon.com/Mechanics-Dysfunction-Beneath-Massacre/dp/B000MCICMO,benign
http://jezebel.com/that-time-mike-huckabees-loser-son-allegedly-tortured-a-1702327150/layer/,benign
citeseerx.ist.psu.edu/viewdoc/summary?doi=10.1.1.56.8797,phishing
minnesotamovie.com/agora.html,benign
orindachamber.org/directory_alpha.htm,benign
baseball-reference.com/players/m/mcginti01.shtml,benign
http://www.vakantiehuislereve.nl/index.php,defacement
http://www.cpiano.com/js/?us.battle.net/login/en/?ref=http://us.battle.net/d3/en/index&amp;app=com-d3,phishing
bringonthecats.com/2009/12/22/1210629/know-thy-enemy-texas-a-m-aggies,benign
http://maslen.sk/index.php?option=com_content&view=section&id=10&layout=blog&Itemid=41,defacement
http://dl.get1993desk.com/n/5476e90e-8990-4e80-b523-19020a000013/FLV_Media_Player.exe?secure=1437311122_d0aaa07f14fe550dcba22e889ea48413,malware
dailymotion.com/video/x14mgd_dru-down-can-you-feel-me_music,benign
http://jbadvocacia.net/index.php?option=com_wrapper&view=wrapper&Itemid=618,defacement
canada.com/nationalpost/news/story.html?id=d4e4134c-1f40-4ecc-b72e-7b1690b03618&k=11965&p=1,benign
http://www.rathgaelgym.org/info/code-of-conduct-children,defacement
